country,year,yield_curve_slope,credit_gdp_2y_diff,cpi_2y_growth,debt_service_ratio,consumption_growth,investment_2y_diff,debt_gdp_2y_diff,money_gdp_2y_diff,stocks_2y_growth,ca_gdp_2y_diff,household_loans_2y_diff,business_loans_2y_diff,house_price_2y_growth
Japan,1870,,,,,,,,,,,,,
Japan,1871,,,,,,,,,,,,,
Japan,1872,,,-38.696197278871004,,,,,,,,,,
Japan,1873,,,-25.809665607526433,,,,,,,,,,
Japan,1874,,,17.961824512359215,,,,,,,,,,
Japan,1875,,,28.274004891226912,,,,,,,,,,
Japan,1876,,,-7.627850812698645,,3.9137335449537902,,,,,,,,
Japan,1877,,1.4664714754716504,-13.638738481177304,,2.6747413575574086,,36.4604926,6.695740654584381,,1.3532952367856317,,,
Japan,1878,,2.5811998191048877,15.514540333058925,,1.6351907423047152,,32.382261199999995,6.167922428674267,,-2.0650181122022206,,,
Japan,1879,-4.916435904,5.3406345549700935,49.22703421849184,,4.121756837411783,,-13.918148200000003,-6.337822442239088,,0.6341325875249646,,,
Japan,1880,-3.4343639999999995,6.037996761156382,52.72136668549203,,11.548593553862197,,-8.541068699999999,-9.551183514608535,42.49547907434214,0.42583816758330895,,,
Japan,1881,-4.764493999999999,4.2009671609225485,26.2035327588106,43.30871245113921,1.4111339649998333,,-1.879166900000001,-3.6774996938919418,4.525252484285214,0.8652161117154871,,,
Japan,1882,-2.0684640000000005,2.699290215151251,2.5177292769880566,9.38818449167005,-4.170034710665216,,-1.8622212000000027,-2.0941533171402766,-22.03891672332644,2.967115312063208,,,
Japan,1883,-3.9234870000000006,1.2995494878389204,-20.03862959771129,4.903687274719393,-1.5377965453608478,,1.0667077000000025,1.4070210263286642,-29.416312273340516,1.286863559265363,,,
Japan,1884,-4.6773299999999995,1.2534080536406533,-16.87997053213085,43.8127520406455,3.0465416294532144,,0.3980745000000008,-0.9687545863829333,3.7438956128196255,-0.8937774345781526,,,
Japan,1885,-2.8653380000000004,-2.0030406727000725,-3.2206085330794387,-32.21345145498088,-0.8644851923141794,,-1.4632093999999984,-3.23400472945477,0.5476449992767085,-0.012108534611908906,,,
Japan,1886,-4.200410000000001,-1.5199652483328274,-11.776944157745529,-25.062441231979804,-1.0175911658962589,,-1.3254514999999967,-1.657552755671046,76.30753107490693,1.832203376540713,,,
Japan,1887,-4.413029999999999,2.966850914932763,-6.218803662125339,43.02536922179932,13.431208910992254,5.152978599999999,0.6886034999999957,-0.4041861943356817,62.30936874306512,-0.4774571766446368,,,
Japan,1888,-4.301133000000001,4.016043098865346,4.528303180251658,41.04396047040384,8.989784335981831,2.7329676999999997,-1.541742500000004,2.471235109392103,-14.624740354392019,-1.284961071106048,,,
Japan,1889,-5.022894000000001,3.661990204287338,4.080730402523325,52.2992760681225,6.611111111111101,2.539459000000001,-4.059783899999997,1.9594409938092778,0.1342281565828607,0.8862857351338627,,,
Japan,1890,-4.627394,0.3078827743976359,12.906132637178214,11.8676690880692,1.9192430148480932,-0.8693313000000008,-3.6207422999999963,-2.6607011425531595,-0.41695612240509883,-2.0519266663434914,,,
Japan,1891,-2.9734640000000008,-0.8503310822250254,2.152138952191973,-42.566848652156764,4.209681281072641,-0.7169879000000018,-3.1195305000000007,-0.19373953610865857,-7.372654101920018,1.440803376035416,,,
Japan,1892,-1.5443920000000002,-0.7548694122441302,-10.67146238018748,-51.16975725609596,5.929580754408503,-0.888636399999998,-1.3623263000000025,1.6420712216602906,,4.115676328935805,,,
Japan,1893,-1.8722440000000011,0.31240177656465806,-5.63204125040796,-12.6624067196206,4.5991458536057905,-0.26294879999999854,-1.737382300000001,3.1252102771990504,-20.332851132551276,-1.508963240269711,,,
Japan,1894,-3.906205999999999,0.36358126728599505,4.429528796876214,40.769475822898,3.7111043739492366,2.8424513999999985,-0.3273988999999977,1.2425950398570584,,-2.331607737197026,,,
Japan,1895,-3.1028800000000007,1.0861778627603096,12.93103448275863,28.662422895365335,2.025970669939925,2.3882191999999995,4.021786300000002,0.8552873155187102,47.68392395937331,7.692839805953956,,,
Japan,1896,-3.895233,9.160399180024303,20.437021567363555,89.5756922156473,7.915332385495444,1.7448235000000007,0.25566199999999817,4.456253518802808,84.37884337368251,2.230163537398487,,,
Japan,1897,-6.539000000000001,3.785376465294099,22.60716462424368,73.27860881858965,1.6805339209503112,4.368964999999999,-4.870515800000002,0.45084934969448764,-17.15867179041277,-10.71519429874408,,,
Japan,1898,-6.1885,-3.846452419146351,20.846674097590466,-30.72980523798541,3.7812746256894902,1.2293157999999997,-5.794354899999998,-6.5834393921395895,-63.17545028158641,-3.1192593583737467,,,
Japan,1899,-5.096666999999999,8.89089644421718,2.3467462002351613,41.36861168470376,5.995765350604065,-4.2927257999999995,0.34907580000000105,5.579356024758453,-16.184112800904128,4.285301199761879,,,
Japan,1900,-6.84054,10.754841046416328,6.020018292357543,143.42092822261912,-2.346743863229195,-3.219407599999999,2.6542123,6.475387106477809,2.596618503812831,-0.3849738451609453,,,
Japan,1901,-6.2077,-0.5909010240183421,9.904848578148705,48.32686782621334,-3.0597856739988827,-0.9912705999999993,1.013406,-5.3333627190812365,-40.74402119585997,-0.6331375138448094,,,
Japan,1902,-3.861351,2.3274465536465563,1.6104378763971194,-77.18918388074418,-1.1554022038902212,-2.9926108000000005,1.5539430999999992,3.6791469609972207,7.886991965404211,3.067950499588301,,,
Japan,1903,-2.612711,1.9075574943770157,9.06897461480809,-94.66902709593809,-2.3478787878787877,-1.6819813000000017,0.009772199999999454,2.701966292774449,30.04484350316645,-0.8640331128294846,,,
Japan,1904,-2.5249500000000005,-2.3510139414446405,7.432708649066488,-26.751355480266838,0.6698788072470041,-1.1834362,12.5835923,0.2557412814147342,-9.874522398292008,-5.47922400458674,,,
Japan,1905,-4.510021999999999,2.471812411383895,6.258948252346297,81.19607298175642,-5.095391184538811,3.1882752000000014,45.6366247,6.01285398676068,20.86206833401265,-10.44755642847528,,,
Japan,1906,-3.0772399999999998,8.500985814340234,5.90105770045708,39.38437138521982,-8.033893752365607,4.332588899999999,34.84700409999999,8.685864506705343,86.9854721809109,3.7592630159854346,,,
Japan,1907,-4.002871999999999,2.492779182220861,12.637764757675484,4.110777918621045,10.336393837139335,0.1743418999999996,-6.951229299999994,-1.7555666685708016,17.16595358024522,10.767402899871554,,,
Japan,1908,-4.463454,-4.096954227155974,6.653055259952412,32.32810500937369,12.503484991304115,1.2511608000000007,-9.592484899999999,-7.856036530322086,-62.220783389643096,-0.8774672692442281,,,
Japan,1909,-2.2143819999999996,1.4094795040135721,-7.197217869421513,-64.76861617044385,1.1296689228434964,-1.144634,8.555910199999994,3.753279627165024,-36.891233781375874,0.004022837332797293,,,
Japan,1910,-1.4168830000000003,7.392591739558552,-3.6369762364922953,-87.0276242099866,3.5649803518957635,-0.050745699999998894,9.954849399999999,8.575745861946876,83.80462678413039,-0.294863974591293,,,
Japan,1911,-2.505267,4.872400175968389,7.731959464985549,40.32170936179887,0.08322197997985281,3.475898799999999,-8.696966699999997,-0.9409861827164079,2.4437301362784547,-2.2726328038843633,,,
Japan,1912,-3.9107640000000004,0.9342232402338779,13.414348801357967,136.20469291886562,-1.316059342312148,0.39726329999999754,-13.219034299999999,-5.19898048513317,-27.226107289559852,-0.277572389459908,,,
Japan,1913,-3.6728000000000005,4.01259603433815,8.742932080649425,108.7136908662191,3.176201909000387,-2.094205499999999,-7.8506877000000035,-2.3917973615936337,-10.04394223705134,0.28602722433198646,,,
Japan,1914,-3.0544444439999996,9.130486165873231,-5.089636038965706,79.9407260061626,-2.385488470908814,-0.9611121,-1.6928373999999913,0.41670795730016086,-16.52786691675907,1.8532947321280802,,,
Japan,1915,-0.027647059000000418,6.58661352450729,-13.779998960472128,-87.10220891240637,0.24177894820482937,-1.2867446000000005,-0.34147449999999413,6.620393527479012,15.003489139367199,6.173935941988744,,,34.79999353645038
Japan,1916,-0.6844444440000004,-2.1840801233408036,1.1181060586676894,-140.1198815043001,9.039401000697866,-0.14732949999999856,-12.615228800000006,7.509654519284043,142.36377669568617,9.770557803955578,,,26.270133515946625
Japan,1917,-0.8655944059999996,-5.180194099166724,32.53305491592713,-3.8803669427993626,7.93907824708413,5.2473409,-19.816147300000004,6.564782791976387,45.084951474150344,6.693305128746145,,,17.87833254317075
Japan,1918,-1.68916442,0.7664442233753954,65.12077318531017,48.42412948105985,8.435394812492557,5.979911799999998,-15.813810899999996,2.1250183763210027,-44.74350839288186,-2.290400176295039,,,33.90580518249497
Japan,1919,-2.9207936509999994,2.982476404516743,79.08462349290224,164.2369568426078,14.032584635075175,-2.1299222000000007,-10.850373400000002,-4.223319607964915,29.861982206605695,-8.567705026668383,,,164.31720615176224
Japan,1920,-2.0967346940000002,2.5713182526393097,39.17170513373458,191.59604162504073,5.991456497163816,-0.2008302999999989,-1.9143979000000033,0.9769823707796443,-19.71346740080273,-7.678067434638909,,,36.606802654223536
Japan,1921,-2.9499999999999993,8.294868889184414,-4.138976343643053,72.70143749976353,2.7378860502129676,0.2604066000000016,6.509292700000002,8.36718776245235,-53.17230280156282,-4.0512459688875815,,,-8.095230400536169
Japan,1922,-3.7757142860000004,5.227565325232819,-9.749602535330382,7.624955481996398,10.594820100426627,-3.5184666000000004,3.9690422000000005,3.6106069057005694,30.66281275904008,-0.6564802362693176,,,-6.4109507576964315
Japan,1923,-3.762898551,2.511561156424258,-2.4060754664641193,45.56936689929279,5.418498652315251,-2.514883700000001,4.744766499999997,-0.2552095041818303,3.3000000008544195,-1.6627833591856729,,,-2.953368884248675
Japan,1924,-3.17,0.9503709077767764,-0.015528438167244918,4.76977897353974,1.2690636921474985,-0.2990055999999991,3.5980577999999985,-2.0017834617694295,-15.806195814158963,-2.7410784315230843,,,-0.8311700942716937
Japan,1925,-2.6707936509999994,-1.0268093051642224,2.1154345791291718,-42.956326322865564,1.3404233631205242,-0.12688690000000058,-0.459583600000002,-3.138889577419862,7.64762831922865,1.921031548236876,,,-13.934871028814644
Japan,1926,-2.26,5.267717254351245,-3.3806171765207838,10.698912565285656,0.33541210180347836,-0.8890781000000014,2.078425500000003,0.8225351993854546,21.698113488906934,1.6088200553211554,,,5.0577971580466174
Japan,1927,-1.620000000000001,4.039175744591783,-6.000000919102478,-21.12708321983039,1.128229199845765,1.1252998000000014,3.3604328000000017,6.110870371269578,27.787770057107842,0.5903981114747205,,,36.97272212625526
Japan,1928,-1.1000000000000005,-5.390064334550182,-5.27246456633268,-144.5240199746025,2.7499202069579676,-1.297293599999999,3.8349509000000004,5.75927932396087,-7.596899420941572,1.5337801576396421,,,12.43466436219347
Japan,1929,-0.4299999999999997,-6.133203124486364,-6.002067002800504,-136.46781359501273,-0.7202771699489463,-0.4651695000000011,3.641653300000003,2.521924405953102,-26.460239241886384,1.297067664775381,,,-17.23280046134751
Japan,1930,-0.8100000000000005,8.738346047366619,-12.217885200402545,35.45046552838285,-3.134094104567897,-8.1200045,10.3444661,10.091116937834443,-40.35234851161594,1.030904661340339,,,-24.12527297998762
Japan,1931,-1.7899999999999991,16.682912655158955,-20.516382695538425,175.2476769584547,-3.1758488549745723,-10.1921327,15.956496400000002,15.390731825258964,-49.28229646684923,-1.1417616933685766,,,
Japan,1932,2.0699999999999994,-2.3314965290614498,-10.54191753675754,-30.661469073838887,-3.9401508886225955,2.0745261,11.246946399999997,3.081335156102638,2.2503505830504755,-0.00642286588581507,,,
Japan,1933,1.04,-19.57854150938232,4.2024748520754995,-229.5465541850827,-2.9963354171157586,5.443974400000001,5.869756099999989,-8.020830989584216,95.66037572508313,0.8949091439193517,,,
Japan,1934,1.2599999999999998,-15.12402055461336,4.509112169846974,-160.65056683077228,-0.5332560243874518,3.758570500000001,1.7497379000000035,-4.044565752847673,68.50068810871193,-0.2595753281159032,,,
Japan,1935,0.9699999999999998,-6.718605458911958,3.92115900473331,-76.96812811326446,-4.023111111111111,1.6500596000000005,0.6905683000000051,-1.36622501872522,12.825458651949194,1.0246694817994024,,,
Japan,1936,2.24,-4.19377517274862,4.845269476079528,-41.88219643126092,-3.457808553108055,0.36533769999999854,1.0935197000000008,-1.2144032795685322,1.7142861606771476,1.1316366676867435,,,
Japan,1937,4.6,-2.742581618656259,10.297282333308399,-33.385792603130504,4.577953951877323,2.6706521999999984,-5.885850999999997,1.1930079524135384,23.589743776993455,-3.703421477614903,,,
Japan,1938,6.2,-2.6425060342877726,18.15014474073906,-28.177352501989805,1.017318195541006,5.0958539,3.3920583999999976,5.407093450332978,31.621187438835353,-3.2239034222217624,,,7.000015958432226
Japan,1939,,-1.5726139376790294,22.550154852813485,,-7.53650911731627,5.6708487000000005,14.221775400000002,12.213213030788761,-3.319502327225121,2.917400346176397,,,12.871278513184548
Japan,1940,,2.9817516820510983,30.00055559470414,,-15.968266330975645,1.2731073000000008,11.806558,15.427130760333307,15.365853987648848,2.3758047198267054,,,9.345786514121679
Japan,1941,,2.843840739137926,17.888241941448555,,-15.254724300094813,-2.5174953,21.841444,16.49676547405384,4.363375945764125,-2.5046556575352708,,,16.666659904046522
Japan,1942,,0.7572209226309079,4.194307602771041,,-10.561824393503406,-3.8491297000000007,26.394751000000007,14.98861006063793,-8.403805389419361,-1.967109086287509,,,21.367514778301743
Japan,1943,,7.891070802818934,8.96505206002718,,-12.528254972875242,1.0691532000000004,40.2851658,18.41732251144186,40.16449650725053,1.061395516360365,,,27.81956207781322
Japan,1944,,20.956388455625962,43.46683107809777,,-24.289346524154386,4.588030400000001,98.8636449,61.05680001503902,21.63877628355697,2.1852996343994597,,,30.98592260437436
Japan,1945,,,1355.256426729147,,-47.35577233671425,,,,5.232274072563459,,,,44.705875790625946
Japan,1946,,-37.39268972508015,1951.281246676123,,-7.291102976285213,-6.192676800000002,-147.974449,-96.08373297703923,2.0872867959350616,-1.3318912243474221,,,222.04301489751987
Japan,1947,,,329.70542127447703,,65.04516002356175,,,,0.0,,,,549.186998137713
Japan,1948,,-18.587971400691796,296.4116177064692,,23.11627667427767,1.3874182000000013,-36.3088963,-29.376219096303984,46.23231546273283,1.6488408262881342,,,570.2838080134096
Japan,1949,,5.698762312502553,132.0260834861208,,12.640157035362698,-0.22662479999999985,-8.667290499999996,-10.017516361975598,208.55018554298871,2.723413324062972,,,254.79023308638483
Japan,1950,,9.956360875238152,22.831067311952967,,16.715006832696556,0.583741900000001,-5.6340636,-2.4886340295579954,44.046033533953135,4.109983260111767,0.2504473024610068,9.705913572777147,65.10585301102955
Japan,1951,,7.0783999025548,9.867270104596537,,22.768198980804264,2.5080523999999995,-7.0261078,-0.5604807198999084,-13.404087226958106,-0.9802509803337623,0.03125976048426269,7.047086789955309,51.711966362494756
Japan,1952,,8.670365042279341,23.853761471199107,,28.858675523589916,2.973564099999998,-0.8367606999999999,3.2910413982050244,106.95099552753153,-3.514583643615081,0.003024033571826998,8.667231998873865,84.86951239428492
Japan,1953,,9.595813503015105,11.86974648068917,,29.292842395044705,3.137616800000001,0.20785579999999942,5.381427738702882,137.53335592880936,-3.783456582752066,0.2857162623299368,9.310081596003705,144.62540684448206
Japan,1954,,2.681985201892212,13.406718648119021,,15.675530336745291,1.195417400000001,-1.2885645000000001,-0.9623495680435856,23.00586036016896,-1.7214233104911703,0.13901706178454445,2.543002647205561,120.07343952474905
Japan,1955,,-1.3969508191600588,5.164312894532563,,10.74589127686474,-2.3378326000000005,0.23188719999999996,6.215999689504137,-4.930564406711191,2.2557902799805127,-0.06192545657133404,-1.3349338398950805,45.50123643599322
Japan,1956,,4.0248887827649344,-0.7498896263760435,,15.11505815025287,1.8416975000000002,-1.5430935000000008,10.491498829073741,53.071265863273,0.1374358910423945,0.1637252643256197,3.8612878956368055,29.864176571419332
Japan,1957,-5.4542,8.15948274095884,3.5714300391824105,,15.71136745974524,6.809373599999999,-3.5265384999999996,4.797718446952498,49.420902892448495,-3.193414067419603,0.22318470731120965,7.936223051742858,44.07894738483251
Japan,1958,-3.3683300000000003,8.564017430565219,2.666651873712489,,13.20419715779726,1.9229293000000007,-1.2883185000000006,7.6392657605303285,15.202566960137887,1.0072885086760093,0.12719366758645825,8.436765482864562,55.17241384547562
Japan,1959,-2.0333299999999994,7.01094212338253,0.43105210928915394,-87.73844027898735,13.236019523339749,-0.06095099999999798,0.24650340000000048,9.093723729364378,52.988302313285395,3.2545634575027957,0.21188889675594139,6.79910568263441,52.511415522239304
Japan,1960,-1.9700000000000006,2.4028890610208578,4.76191906901442,-41.19172150495789,18.186794599747813,4.805997899999998,-1.044436,3.9805830132847997,88.38906329925994,-0.531532452968686,0.18163772061186526,2.22127223848792,51.85185185342797
Japan,1961,-1.86083,-0.2650448475645606,9.44204730012781,-5.308614425302771,20.553119536869847,6.773370400000001,-2.9531662000000005,0.9460306893379844,46.38000595459935,-2.980654291002536,-0.0280318373908673,-0.23701301017370335,69.16167663764278
Japan,1962,-2.4075000000000006,6.189975561250282,12.396682826962202,76.59765547001562,16.757912924008878,2.097510699999999,-2.2995001999999993,3.023145834211549,1.4152339473308961,-0.426591726375796,0.2807069369578941,5.909123969461111,74.39024388090812
Japan,1963,-1.1141700000000005,12.929539351868064,14.901970401466812,60.57273052334642,14.977439462160591,-1.8592297000000035,-1.5466457999999996,7.404793600829429,-2.0295739959761083,0.710910751800691,0.6172743653779619,12.312197293006205,46.19469026771832
Japan,1964,-3.1322,5.0556088972316005,11.764709858791544,117.40992764149763,17.931403356288023,-0.5556844999999977,-1.2972427000000002,5.637113458460363,-3.2880984616424302,-0.5302681685286061,0.3127268766114289,4.7432003630509145,31.46853146673343
Japan,1965,0.38649999999999984,0.9194887620296854,10.580193690265393,-29.602615025885903,14.357962815932247,-1.686869599999996,0.7165034000000001,3.772722804958173,-15.033679661087406,2.2779640626408715,0.15394730171671317,0.765472234183906,30.75060533263605
Japan,1966,1.0200000000000005,1.4299317270169198,12.171046831588782,-248.09226208651697,14.300130392879407,-1.4979147000000026,2.2679278,3.937577960019878,15.039698842504734,1.8789968637762455,0.4008823576088557,1.0288081723530462,21.276595741039817
Japan,1967,0.5225,-1.112156052224822,9.259266109163654,-43.6986628123706,20.075575403641356,2.2038174999999995,2.988471299999999,-2.185929580207946,20.230799306605007,-1.2585620388796706,0.5709561939864806,-1.6828635460459096,16.66666665070833
Japan,1968,-0.8466699999999996,-1.992058976459532,9.384167581895442,112.24804029038759,19.01322990136267,2.8410551000000006,2.0037438000000005,-4.605264614960958,8.276685251500648,-0.523652018704111,0.6697006432870883,-2.6617046027175295,28.947368409912766
Japan,1969,-0.6091699999999998,-1.5199644827213254,11.016940964206512,69.84454591460816,17.52137395614688,2.4140932000000004,3.7420334,-1.7163181229835178,36.804201087189604,1.4443037345110235,1.0264399288081132,-2.5465804708976636,39.682539725963714
Japan,1970,-1.09584,-0.22543977757358835,13.40482700805885,22.676169747532526,15.905434803748598,2.263121300000004,2.2410904999999994,0.10819639944300574,37.46931894253436,0.2931150210742286,1.063570777105767,-1.2889151151873168,46.25850340508259
Japan,1971,0.8624999999999998,7.654642487792551,14.166266801134665,-28.99108154316332,11.65806096170352,-0.2044011999999984,0.17398529999999995,6.399824158451373,18.909836346939212,0.983631900859701,1.2101391901960343,6.44459235916054,43.74999994287641
Japan,1972,1.9721700000000002,14.47499788385278,10.982653824050349,-147.10120148236666,12.542908372646044,-1.3797594000000024,5.107500000000001,13.676885250094962,72.75747764866558,1.1368853499920688,2.522191928818925,11.952732161875357,34.883720967517576
Japan,1973,0.10175000000000001,3.4450121527958344,16.621253724209105,75.72394389339232,16.574103823380916,2.317113599999998,3.5878000000000005,8.125938050215664,101.79883562597337,-2.296363223622926,2.9169447735287193,0.5281225978700288,47.82608700391133
Japan,1974,-3.278269999999999,-8.155869671678051,38.802092182346136,483.76433374981,6.06867408033771,0.759837200000002,0.48009999999999997,-4.318332347502263,8.77950583215692,-3.226288175727901,1.005833348037191,-9.161769360850347,62.41379306574033
Japan,1975,-1.4713000000000012,-4.194628594264094,39.252336717617254,207.40164863490628,0.8860933931805537,-4.0178571,5.185499999999998,-3.1808427464145472,-14.014873039510721,-0.10751214941338827,0.7486394017769085,-4.943280578828713,20.855614972769153
Japan,1976,1.7413299999999996,0.6866225405389836,22.326450902886187,-366.868926868756,5.170236051286681,-3.772902,10.162,3.6591359963547676,13.080440622146593,1.7111453845366449,1.7951537795326447,-1.1083064432995782,-2.547770693489393
Japan,1977,1.6477499999999994,-1.2765989385055798,18.12080408247376,-344.8574975983711,5.180296646964355,-2.3924731000000032,10.9156,1.8625257312919974,20.884485929424223,1.7180766076795733,1.6445421167722893,-2.9213162196903952,5.530973430687447
Japan,1978,1.7355,-1.9546052854763518,12.11656726116428,-185.383552311054,7.42173478038386,-0.6366678000000014,13.564599999999999,1.1146881002161435,19.503258517434887,1.0490661416191078,1.6933683921991127,-3.6480070104747853,8.93246187712875
Japan,1979,1.8303099999999999,-2.1454737246675903,7.528412379947391,-0.7916970110385613,10.204301234861092,1.5140947000000016,13.117899999999999,3.6922137461561366,19.44596952164861,-2.442683313797463,1.4655746328892425,-3.610669788323395,12.578616365533012
Japan,1980,-1.7148000000000003,-3.0286167624741456,11.901504068261005,397.7580884670335,5.749712940942264,1.1421567999999993,9.864399999999996,2.221422801541495,14.202786070305674,-2.690827898755456,0.3496554100029192,-3.378377760972451,21.19999999191102
Japan,1981,1.22588,-0.9741644740295929,13.342135617512785,94.01826281189373,0.861938351206204,-1.0402262999999967,9.711400000000003,0.758427431520381,22.542511497393857,1.2605061580723875,-0.25304616277523895,-0.7216572638095498,26.6294227096439
Japan,1982,1.1197499999999998,2.7694721318401117,7.7017096508271266,-230.5458465300747,4.406420707622494,-2.1368388000000014,8.444099999999999,4.38374273804526,15.801603311393597,1.6019999999999999,-0.12967428389438762,2.898886327222494,22.442244223796703
Japan,1983,1.02691,4.598989513891505,4.545456152786609,-36.48867923166659,5.890207467494535,-2.6026719000000034,9.428400000000003,6.078346699419823,17.352973698764764,1.312,0.09867472431053931,4.500828482554042,15.441176469345796
Japan,1984,0.7050199999999993,4.021125386432233,4.086265300498204,-30.008388827298393,3.954176500323592,-1.7720758999999975,7.0034000000000045,4.037050150766741,48.60284447957171,2.091,0.055081140380321136,3.966296161000593,9.56873316002489
Japan,1985,-0.9739999999999993,10.077859352452311,4.236345663235186,136.30350392039549,5.203650578481134,-0.47872339999999736,1.8134999999999901,2.087070816136183,53.99221497504205,1.9160000012292493,-0.10189577790021692,10.179632491462542,6.369426758118379
Japan,1986,-0.01715,20.888336137507423,2.6172312906935336,24.708648943825207,6.1725680162545205,-0.4206873,3.543099999999999,4.282323277388011,62.27432304436977,1.4170000014681716,0.8017233656142181,20.0865797658587,4.920049190948417
Japan,1987,0.5428799999999998,15.707988907600045,0.7486615711630673,-226.4564986877895,6.4482876932965505,1.0057470999999985,5.7213000000000065,9.2500629072915,96.44182857070969,-0.23400000122924952,2.788766800329319,12.919099182358496,6.706586830055228
Japan,1988,0.43938999999999995,3.1267391730845584,0.8501571008413089,-89.62617465685074,8.227268351454086,2.665406199999998,0.41879999999999695,9.21448504906579,61.0269731213082,-1.495000001468172,3.2517682886949757,-0.12502911561040886,13.247362256358898
Japan,1989,-0.06292999999999971,1.2856554970542944,2.97239715359201,142.17576793036147,9.044422643570238,2.554858999999998,-5.097399999999997,5.5271121890953845,31.211429723628626,-1.297,3.167969677624627,-1.8823141805703325,14.365881025253202
Japan,1990,-0.0354000000000001,0.749697812827399,5.374077999025095,338.0888581784665,8.841212359718664,2.3389270000000018,-3.270099999999998,5.707784940433935,1.7631687083857317,-1.185,2.6764084076638825,-1.9267105948364782,18.944099378327884
Japan,1991,-0.9995099999999999,-2.7985695195407168,6.494847916728674,207.50564810384918,6.911965345301385,0.8265956000000019,-0.7989000000000024,1.161211164235909,-28.2814259771653,-0.16700000000000015,0.8122991319580442,-3.6108686514987665,23.748773292391423
Japan,1992,0.2843599999999995,-2.2904988327474674,5.000000800000004,-268.26941721706527,4.990267362727696,-1.6673472000000022,4.129300000000002,-4.350198233348634,-37.11970987000001,1.4760000008319765,-0.008570566425739057,-2.281928266321742,7.049608399999996
Japan,1993,0.6331500000000001,14.109039685507629,3.000967705692781,-368.2038230300973,3.515969276016029,-2.537096900000002,10.652099999999997,-1.4228683012307952,-17.28354240861997,1.0619999991730615,2.1670614587852355,11.941978226722384,-7.295797009207849
Japan,1994,1.5184600000000001,12.167731235956424,1.9999995085714373,-199.4586594836313,3.4986725919426087,-2.226328099999997,14.823299999999994,0.033721090432248246,17.22094571703274,-0.22600000163884548,2.045919153739026,10.121812082217406,-7.723577277467175
Japan,1995,1.31821,-2.548911157598721,0.5639092015164993,-199.1641343674426,3.835199440167947,-1.5950028000000005,16.686100000000003,1.443438024843191,-9.402300196086767,-0.9179999991730615,0.7080927957557992,-3.257003953354498,-4.362703129734468
Japan,1996,1.7551800000000002,-1.8118189060770673,0.0,-180.26784649859857,3.686707887114027,0.06503429999999977,14.373800000000003,3.165068785356717,0.4039393996001506,-1.2259999991931307,1.2547347105323818,-3.0665536166094465,-3.3480176184606747
Japan,1997,1.20346,-3.5511104525287607,1.869159139662857,-77.3389204871319,2.8815556401728504,-0.21603949999999816,13.808299999999996,2.1861681929636445,1.0378078269577262,0.1299999999999999,0.5786844687114184,-4.129794921240181,-3.3989266519276806
Japan,1998,0.72519,-1.2066035570510225,2.4276374348432217,-10.493087681522162,0.34959463068366947,-2.5844931000000013,18.479699999999998,10.398240589066354,-26.604435737055244,1.4750000000000005,0.9658791360665886,-2.1724826931176056,-2.9170464891108305
Japan,1999,1.71227,0.611744831774752,0.3669732062957509,-42.5633852491332,-0.3428183379424521,-2.0845170000000026,24.891700000000007,13.20206517690934,-0.6732413700925699,0.37699999920776905,1.2776371027957423,-0.6658922710209958,-3.9814814789104203
Japan,2000,1.6391200000000001,-4.549861466274708,-1.0027342752962687,-27.049790163114444,0.7614785804716195,-0.49562899999999743,21.104900000000004,5.073574205982023,31.23286372705014,-0.1790000000000007,0.5361474375008085,-5.08600890377553,-6.10328639090274
Japan,2001,1.27161,-7.614954655636841,-1.4648589284946056,-0.5008708608164492,2.2606340730742858,-0.7060545999999973,16.744499999999984,5.8751673743650645,-13.767403095999875,-0.5049999999989973,0.6415775245202177,-8.25653218015705,-7.4252651905212685
Japan,2002,1.23906,-6.920383007364983,-1.656171631417247,-9.46772786900851,1.7760000869522674,-2.0839953000000024,19.460100000000004,10.436092528031594,-36.68827597946955,-0.01999999999999988,1.5137916036336851,-8.434174610998667,-8.299999990199025
Japan,2003,1.01031,-7.846021087124844,-1.1796160681783907,-5.282032227802506,1.293506115067844,-1.9379003000000006,15.622900000000017,8.425241202410172,-23.15941423179807,1.1680000007912281,2.175529420175293,-10.021550507300137,-9.06250000388985
Japan,2004,1.4983191669999998,-7.615547059488758,-0.2679742073526281,-0.9091304049497807,2.8936815519257753,-1.073236999999999,16.0385,2.9040379227634583,14.243126893093748,1.169002328651546,0.9178473316909991,-8.53339439117975,-10.905125419053652
Japan,2005,1.35834167,-6.616440523016975,-0.2949715008377374,-0.0185682745697518,3.8284262606477437,-0.4701798000000007,15.112499999999995,-2.545480371093145,38.23266771655507,0.33738165403882425,-0.6509267185580508,-5.9655138044589435,-11.454753721091349
Japan,2006,1.606723,-2.670995879691207,-0.03371819299788914,9.790503829003345,3.7903186466572647,0.48386300000000104,4.190399999999994,-2.2998603027247766,45.418941424576296,-0.05753254854804213,-0.8131569482320439,-1.857838931459166,-9.057527537955036
Japan,2007,1.1802679999999999,0.42890249777680634,0.31415627578319505,37.28161508813662,2.5202097577273763,0.2300848000000022,-2.6693000000000078,1.5260326439340721,31.05799999396426,1.1212165544600667,-0.4187422682620928,0.847644766038913,-5.304010351519084
Japan,2008,0.9877530000000001,3.4654810278498482,1.4498599708357096,28.274247639234446,-0.009100000000006325,-0.23778750000000015,5.757800000000013,6.611951691635154,-27.019208262468155,-1.0216418427088758,1.2193975593787738,2.2460834684710718,-2.153432031406499
Japan,2009,1.23725,7.901914602369864,0.017261577922944582,-28.223791504167128,-1.5403723005231185,-1.7717504000000024,25.788800000000013,18.78456787852563,-47.79166476011735,-1.9218211436920773,2.5843599369177017,5.317554665452162,-4.098360659854872
Japan,2010,1.05733,0.5700701191080126,-2.0602863109904557,-30.353665926445554,1.8287427155871283,-2.4476391000000013,23.569799999999972,13.886700878844294,-25.393083771114433,0.9879183699690195,1.1958086407442614,-0.6257385216362432,-7.290233835580395
Japan,2011,1.04058,-1.7418600700417786,-0.9900371178489076,-2.5275309133950987,2.542914317891465,-0.19515219999999833,19.922400000000007,7.981569376321351,-5.312363862725511,-0.722380907638185,0.5440990155709424,-2.285959085612721,-7.122507113600585
Japan,2012,0.7565837,2.3764350114399924,-0.3298443768688486,-0.7121939676656044,1.9858950109331808,1.0614613999999993,20.3805,10.031670134673721,-13.164971441487516,-2.8749390032169457,1.3202554876758865,1.0561795237640892,-6.083086056017628
Japan,2013,0.625,0.5659446646506638,0.2858045656330743,-0.19197416425351943,4.763597792174501,1.5154708999999988,10.489499999999996,6.044968051176047,36.599755746351946,-1.1036976336313187,0.8069681724775901,-0.24102350782692072,-1.3230403692876092
Japan,2014,0.458333333,0.6659222576417045,3.112466767733024,-1.210130590623059,1.7785082315862732,0.42620630000000104,7.5273000000000145,5.314897996071721,64.37791072093265,-0.19180730414670183,0.43834517441107557,0.22757708323065673,3.2188980514918697
Japan,2015,0.273833334,0.3943569812599135,3.5748867169919984,-0.15719846527175868,-1.0203352788622166,-0.6525752999999995,5.196099999999992,3.013956517410721,38.15896376424932,2.1462912431139594,0.011103766660963688,0.38325321459894424,4.017480552679276
Japan,2016,-0.03975000000000001,1.3207799931360675,0.6780959748748483,-8.15736444696618,0.20329623154367038,0.488391199999999,2.8653999999999957,4.501344430470189,7.2607253286014695,3.1183346361487425,0.3980158763208397,0.9227641168152001,4.67092322474032
